book_name,author_first_n,author_last_n,ISBN,publish_year,rating
Harry Potter and the Order of the Phoenix,Berenice,Maunder,492366776-1,2006,1
Deadbolt,Joel,Joyner,332097547-1,2009,10
Husbands,Roberta,Whittlesey,001179479-8,2005,9
"Girl on the Train, The (La fille du RER)",Libby,Tranckle,120789250-5,1996,6
In Two Minds,Merrili,Mityushin,549856316-7,2004,1
"Stand, The",Jarad,Headington,304706941-7,2004,6
"Best Man, The",Janean,Hrachovec,150455987-8,1995,3
Solarbabies,Maynord,McDell,512181622-7,1990,10
Bullet,Friedrick,Hayselden,828830870-8,1998,7
Street Mobster (a.k.a. Modern Yakuza: Outlaw Killer) (Gendai yakuza: hito-kiri yota),Alina,Everitt,323484640-5,2004,1
The Walking Stick,Emmalyn,Oloshin,378464764-2,1999,5
Osmosis Jones,Carol-jean,Dyet,914186075-6,2000,9
Where the Rivers Flow North,Hilario,Jell,749471927-X,2010,6
Tabloid,Gannon,Heindrick,777052540-3,1994,2
SS Experiment Love Camp (Lager SSadis Kastrat Kommandantur),Marissa,O'Sesnane,982812281-2,2001,10
In Your Hands (Forbrydelser),Sarge,Buesden,199145952-1,2009,5
Emergo (Apartment 143),Kanya,Darnody,268649982-6,2000,3
Snow Queen,Shelley,Abley,016507325-X,1998,2
"Return of Jafar, The",Wesley,Sponton,879899318-6,1999,8
Shadows Over Chinatown,Rossie,Briffett,112485597-1,2001,10
All Together,Gerri,Carlesi,816387283-7,2006,9
"Holcroft Covenant, The",Augusta,Sheivels,067189623-7,2010,2
Abendland,Padget,Kenrick,962463115-8,2002,7
Mississippi Masala,Celestia,Lindwall,480845944-2,1995,8
Hot to Trot,Katina,Cutts,355061555-8,1996,2
Shampoo,Patricia,Joplin,058512333-0,2010,8
"Descent, The",Sharai,Duckhouse,900682344-9,1992,5
A.C.O.D.,Vernon,MacDowal,628075211-9,1992,5
"Low Down, The",Lorri,Hinzer,183064235-9,2006,5
Timerider: The Adventure of Lyle Swann,Rustie,Gowanlock,702573547-7,1995,2
Threesome,Edgard,Pottes,300591320-1,2010,8
Wake of the Red Witch,Ardyth,Bendin,076612966-7,2013,8
Ten North Frederick,Rasla,Kemmer,938999820-4,2008,1
"Abandoned, The",Noble,Bilverstone,599520454-8,1986,3
Maid in Sweden,Eyde,Wickey,481736116-6,2005,10
Panda! Go Panda! Rainy Day Circus,Nicki,Tackes,062156265-3,2004,3
A Night in the Show,Judah,Kinkade,411801898-5,2012,6
Fist of Legend (Jing wu ying xiong),Care,Kimmins,987236689-6,2000,7
Easy,Dalenna,Caldicot,017018618-0,1970,3
Love Comes Softly,Levin,Walthew,659912761-4,1988,8
Very Bad Things,Camel,Paolillo,011870490-7,1992,7
Tropic Thunder,Michale,Leask,018108048-6,1994,10
Hitchcock,Nessi,McAnulty,705336061-X,2008,2
Unprecedented: The 2000 Presidential Election,Avrit,Le land,436624126-9,1994,4
Did You Hear About the Morgans?,Jeralee,Habercham,939581080-7,1994,3
Stay,Charlotte,Mandry,403595877-8,2000,1
Rapt,Fayette,Blasik,718494489-5,1992,8
"Great Race, The",Lilian,McKnish,203448911-X,2003,4
Five Minutes to Live,Rolf,Reveland,221782650-6,1997,6
"Devil and Daniel Johnston, The",Rita,Stanesby,232270956-5,1999,7
Excision,Farra,Jorden,091086590-6,2010,5
Food of Love (Manjar de Amor),Roxanna,Aburrow,270242799-5,2012,7
Michael Shayne: Private Detective,Izaak,Capelle,604869064-9,1997,3
Aladdin and the King of Thieves,Isabelle,Muselli,429763390-6,1998,2
Carry on Cruising,Antoni,Leroux,105512069-6,2010,1
The Two Policemen,Mattheus,Martijn,773802122-5,1997,1
Burnt Offerings,Lark,Chadbourne,604343734-1,1998,7
House at the End of the Street,Pip,Lacasa,782838731-8,2003,2
Sonny,Erda,Bails,093639954-6,1989,3
Tap,Dwight,Yakubowicz,734880760-7,1993,3
"Keeper, The",Jeanine,Spurgin,887032499-0,2009,6
Shine a Light,Thekla,Torns,172776743-8,1994,6
Tru Confessions,Farah,Scougal,469104805-7,1990,4
Cheyenne Autumn,Skelly,Rosenauer,266782585-3,2012,1
Sherlock Holmes,Deni,McInnerny,506305225-8,1984,10
"Invisible Circus, The",Dolli,Mabson,420482730-6,1994,8
Phantom,Nedda,Dolley,235081544-7,1993,5
Company of Heroes,Kora,Bandiera,770904402-6,2000,10
Good Burger,Caprice,Weben,795377355-4,1987,6
Winterhawk,Jackquelin,Schulken,104296406-8,1988,10
Asterix in Britain (Astérix chez les Bretons),Flemming,Tant,796828679-4,2004,6
"East, West, East: The Final Sprint",Gilda,Sends,924813848-9,2008,4
"Certain Kind Of Death, A",Elihu,Weagener,631217032-2,2006,8
Mask,Morgun,Ervine,171363145-8,1997,9
Stage Beauty,Lucais,Bromidge,199784288-2,1985,8
"Girl with the Dragon Tattoo, The",Hashim,Comusso,312311436-8,2006,9
B.T.K.,Herve,Lucken,928970495-0,2008,4
Soul Surfer,Issi,Leitche,389079715-6,2002,7
"Iron Mask, The",Ede,Besson,958947104-8,2006,3
American Soldiers,Jackie,Putley,563744978-3,2008,10
The Hearts of Age,Allix,Deverille,020942305-6,2003,3
"Kings of Mykonos, The",Gilburt,Baulch,793803097-X,2013,5
The White Sister,Rosco,Sertin,877574786-3,1996,6
Retroactive,Arni,Darch,164835516-1,1994,6
Let's Not Keep in Touch!,Nicolle,Stringman,645660661-6,2009,10
Berserk: The Golden Age Arc - The Egg of the King,Eloisa,Staziker,485388804-7,2004,8
Lord of the Flies,Nathanial,Brookshaw,566051153-8,2009,7
Anchors Aweigh,Kissee,Geratt,746428761-4,2006,4
Beer Wars,Cassaundra,Agron,453223394-1,2009,9
Jingle All the Way 2,Vivianne,Toseland,814047074-0,1996,4
One in the Chamber,Ingamar,Finey,544333159-0,2006,9
Johnny Angel,Doreen,Wallbrook,500765497-3,1996,2
His Girl Friday,Karlotta,Skamell,310403383-8,1998,6
Blue Denim,June,Dessaur,321374852-8,2004,6
Cavemen,Freddy,O'Lyhane,774325049-0,2010,3
"Adventures of Hajji Baba, The",Yettie,Braiden,456821852-7,2003,7
Female Demon Ohyaku (Yôen dokufuden hannya no ohyaku),Modestine,Francesch,459790658-4,1992,6
Girls on Top 2,Richmound,Raggles,382551422-6,1994,6
Tell It to the Marines,Lenee,Abrahamsson,538072734-4,1989,5
December Boys,Collen,Baggelley,311460489-7,2000,9
Reykjavik-Rotterdam,Gavin,Robottham,998483840-4,2004,8
Tied,Lotty,Cheine,751265639-4,1950,7
"Sun Shines Bright, The",Pierson,Davitt,801976276-0,2006,1
"Boy and His Dog, A",Ardelle,Sends,747360305-1,1993,4
Talent for the Game,Franni,Strickett,276930089-X,2004,8
Sunshine,Corliss,MacRonald,541862883-6,1992,6
No More School,Shirleen,Piccop,757101310-0,1987,8
Man of La Mancha,Dom,Zuanazzi,167159390-1,1992,3
Mallrats,Jehu,Houston,311264379-8,1998,10
Blue Collar Comedy Tour: The Movie,Jobi,Juschka,467737528-3,1999,10
Afghan Luke,Goldarina,Howcroft,402627683-X,2001,10
Rude Boy,Lionel,Babbs,348396861-X,2003,8
"Shout, The",Iorgos,Nanuccioi,625156416-4,2000,7
Blue Jasmine,Hersh,Kelloway,362950029-3,2010,4
Smilla's Sense of Snow,Esra,Carah,551558826-6,2011,1
Ito: A Diary of an Urban Priest (Seitti - kilvoittelijan päiväkirja),Mildred,Rizzelli,632262323-0,2006,6
Atlas Shrugged: Part II,Hinda,Lipp,667059857-2,2007,1
Cheers for Miss Bishop,Pietrek,Adamini,286857872-1,2007,4
Jealousy,Celisse,Dooly,768733753-0,2004,3
Cobra,Rebbecca,Haye,074721897-8,2009,9
"Movie, A",Norry,Middlewick,484540666-7,2012,3
"Long Riders, The",Faber,Johantges,881947083-7,2009,1
Space Battleship Yamato,Zonnya,Coey,272697349-3,2003,1
"Sign of Four, The",Sonny,Bane,618331032-8,2002,3
Girl 6,Fax,Tottem,951315002-X,2009,7
Below the Belt,Alina,Bruton,052443974-5,2007,8
Now You See Me,Belle,Ainsbury,868169589-4,2008,7
Let's Be Cops,Pablo,Tubb,682156467-1,2002,2
Jekyll & Hyde... Together Again,Scott,Nardi,867055127-6,1990,10
Plunkett & MaCleane,Shane,Duffus,941331555-8,1996,10
On Borrowed Time,Port,Choke,621380280-0,1966,6
Dark and Stormy Night,Arleen,Opy,903541842-5,1988,8
Outsider,Deanna,Crump,715027151-0,2012,3
Striptease,Yorgo,Bascombe,946792282-7,1997,3
Shaolin Soccer (Siu lam juk kau),Micaela,Bernardo,744449950-0,2006,2
100 Men and a Girl (One Hundred Men and a Girl),Cate,Halbeard,120752002-0,1987,3
Crocodile Dundee in Los Angeles,Clim,Seagrave,664214661-1,2011,5
Western Union,Zebadiah,Saunper,636172317-8,2000,1
Vinyan,Garreth,Baynam,489797836-X,1994,10
"House of Exorcism, The (a.k.a. Lisa and the Devil) (Casa dell'esorcismo, La)",Caprice,Coe,428288358-8,2004,4
Samson and Delilah,Travis,Melin,412610935-8,1995,7
Carlos,Shayna,Welbrock,167455871-6,2011,1
Cat's Eye,Rosabel,Beadell,601021207-3,2004,3
"Princess Blade, The (Shura Yukihime)",Israel,Meneo,723428088-X,1992,4
Blood and Black Lace (Sei donne per l'assassino),Faun,Oxbrow,389826006-2,1991,7
Altiplano,Sheelagh,Alf,141905527-5,2008,4
"Barretts of Wimpole Street, The (a.k.a. Forbidden Alliance)",Fulvia,Eble,920554593-7,1990,10
Midnight Dancers (Sibak),Carlee,Liven,309476750-8,2011,9
Spanglish,Glen,Laneham,776765546-6,2011,6
Innocence,El,Huddles,526547619-9,1994,7
In Too Deep,Kliment,Abbotts,390802742-X,1992,9
I Am Love (Io sono l'amore),Nettie,Pitkaithly,716353001-3,2011,6
My Best Fiend (Mein liebster Feind),Lefty,Bulfoy,461622185-5,1993,3
Commandments,Ludovika,Dekeyser,485473987-8,2012,7
"Vicious Kind, The",Lisetta,Dunphie,227656246-3,2005,7
Saturday Night and Sunday Morning,Gerrard,Kopps,766652901-5,1992,6
"Evil Dead, The",Marv,Yellep,596711345-2,1992,9
Passengers,Rose,Gergus,195823181-9,2003,3
"Tree of Knowledge, The (Kundskabens træ)",Maddie,Romushkin,411630955-9,2000,4
Small Roads,Dex,Dunkerly,467168270-2,2005,1
Mistress America,Merla,Faires,572966110-X,1995,6
Straight Time,Roxana,Ivett,308773414-4,2009,5
"Watcher, The",Mariele,Louedey,103022129-4,2001,6
"Jour se lève, Le (Daybreak)",Brit,Gridon,598635315-3,1995,6
Free Willy,Prinz,Mityushkin,887961102-X,2009,3
Legend of the Boneknapper Dragon,Merell,Staresmeare,743831515-0,1995,6
"Wrecking Crew, The",Clemens,Ridsdole,398009950-4,1992,9
Police Academy 6: City Under Siege,Simona,Lude,453380049-1,2008,1
"Fistful of Dollars, A (Per un pugno di dollari)",Cathie,Filipychev,380688016-6,2011,6
The Fault in Our Stars,Gena,McIlwrath,756743890-9,1999,6
Facing Ali,Christan,Oganesian,743399335-5,1996,7
"Mysterians, The (Chikyu Boeigun)",Corilla,Warsop,703599204-9,2011,5
"Crossing Guard, The",Carri,Skala,135849470-3,1997,9
Carrie,Valene,Giorgio,793217735-9,2012,5
Motocrossed,Robin,Pycock,465800157-8,2003,10
This Woman Is Dangerous,Sophey,Gecks,309745729-1,2005,7
Protocol,Jaime,Hanford,890206210-4,2002,9
Cross My Heart,Victoir,Nibley,989962475-6,2004,3
How Wang-Fo Was Saved (Comment Wang-Fo fut sauvé),Enos,Schruurs,234819406-6,2012,3
Interview with a Hitman,Reine,Dransfield,718507350-2,2012,4
Perifery (Härmä),Julianna,Ausher,544372915-2,1998,4
Internal Affairs,Culver,MacGilfoyle,584058177-1,1997,2
Always,Ruthanne,Yurkov,551221299-0,1997,5
"Kid & I, The",Milli,Cluitt,970997066-6,1992,3
Joe Somebody,Nadeen,Challicum,357573843-2,1996,5
Chisum,Willy,Franzman,828194467-6,1996,9
Frantic,Olga,Lodford,256457521-8,2003,10
You Belong to Me,Arabele,McDonald,039501376-3,2011,8
Seeing Other People,Esta,Walburn,231980061-1,2010,6
P.U.N.K.S,Kendre,Strangward,161147963-0,1996,9
Iron Man: Rise Of Technovore,Vicky,Gotobed,439457547-8,1993,4
Meeting Evil,Mariam,Pyle,050138884-2,1964,5
Memories (Memorîzu),Filberte,Marzella,659442697-4,2000,4
Hellgate,Dawn,Mattielli,254124235-2,2008,1
Holy Smoke,Fraser,Stammers,308310191-0,1995,7
Terumae romae (Thermae Romae),Beulah,Strooband,796991257-5,1966,8
Monica Z,Micky,Youde,835706714-X,1997,5
"Master of Disguise, The",Horten,Fincke,709145923-7,2001,3
Our Man Flint,Jasper,Bolderstone,087999118-6,2010,10
Dead Alive (Braindead),Lura,Triggel,766125730-0,1990,10
Ciao Manhattan (Ciao! Manhattan),Didi,Lawles,520807266-1,2000,7
Where the Red Fern Grows,Orelie,Ferronel,426826222-9,1995,5
Anacondas: The Hunt for the Blood Orchid,Penny,Jorat,340603101-3,2009,1
Price Check,Feliza,Creigan,018728283-8,1989,2
Burglar,Terry,Caps,478426051-X,2009,4
"Sacrifice, The (Offret - Sacraficatio)",Penelopa,Hauxwell,468765147-X,2012,9
All Together,Merle,Gillum,027996771-3,2002,6
Sunburn,Feodor,Jarmaine,465274569-9,2013,9
Lifeboat,Ward,Skittrall,934367467-8,2005,6
"Accused, The",Ronald,McCoid,491411974-9,1994,6
Zhou Yu's Train (Zhou Yu de huo che),Emlynne,Twigg,994543495-0,2004,7
20 Million Miles to Earth,Benedetta,Jumel,095598285-5,2009,2
"Student, The (El estudiante)",Konrad,Semens,973163516-5,1995,1
Citadel,Prentice,Fawdry,160226637-9,1985,10
The Night Evelyn Came Out of the Grave,Vernen,Cayle,327662438-9,1995,2
100 Girls,Delano,Emmison,433338132-0,2012,3
"Welcome Back, Mr. McDonald (Rajio no jikan)",Clare,Kitlee,121218637-0,2006,1
Eye of the Dolphin,Godfree,Herrieven,234884797-3,1992,9
"Vanishing, The (Spoorloos)",Morganica,Dealtry,284542139-7,1985,1
Killer Joe,Biddie,Doctor,138600256-9,1996,6
Niagara Motel,Lucias,Mungin,301793908-1,2004,1
Snow Cake,Carolyne,Wilber,940020002-1,2012,6
Cheeky Girls,Briana,Huey,390015516-X,2011,6
"If It's Tuesday, This Must Be Belgium",Forester,Cottesford,015334318-4,2001,10
"Twilight Saga: Breaking Dawn - Part 2, The",Alonzo,Gillett,009987730-9,1996,7
"Young Törless, The (Junge Törless, Der)",Kincaid,Cripps,574733346-1,2007,9
If I Were You,Melantha,Beceril,416672822-9,2003,2
Light Years (Gandahar),Valerie,Knatt,648305577-3,1992,2
Tol'able David,Gloriane,Witherby,711447400-8,2007,1
"Sword in the Stone, The",Donielle,Veldman,047511046-3,1974,2
House on Haunted Hill,Barnie,Flarity,308909809-1,1996,8
Return to Snowy River (a.k.a. The Man From Snowy River II),Cariotta,Truswell,306360760-6,2009,8
Hell Ride,Selinda,Benardette,464511240-6,2001,6
"Farmer's Daughter, The",Warde,Fettes,592355503-4,2009,7
Good Luck Chuck,Amargo,Farrey,554946498-5,2007,5
"Prophecy II, The",Melesa,Hardwell,765860447-X,1993,3
My Father and the Man in Black,Blake,Drydale,294303378-2,1998,4
Curse of the Puppet Master (Puppet Master 6: The Curse),Otho,Esslemont,465387402-6,2000,3
Yrrol: An Enormously Well Thought Out Movie (Yrrol - en kolossalt genomtänkt film),Ebonee,Mark,419007371-7,2002,2
Freedomland,Maximilien,Bessom,528526348-4,1994,4
Last of the Red Hot Lovers,Hebert,Betonia,286841251-3,2004,6
Brain Dead,Arlee,de Castelain,482857553-7,1993,2
Selma,Klement,Cookes,383328990-2,2003,10
R-Point (Arpointeu),Bordie,MacIlwrick,420166729-4,2003,5
Are We Done Yet?,Melina,Calleja,656551134-9,1996,8
Turkish Delight (Turks fruit),Carine,Januszewicz,834297972-5,2001,5
At Sea,Tillie,Karpychev,880832969-0,2005,7
Urgh! A Music War,Bambi,Iwanicki,649570767-3,1993,8
"Angels' Share, The",Veronika,Gun,335918238-3,1992,5
Djomeh,Irvine,Woollam,649282395-8,1989,4
Socialism (Film socialisme),Ina,Heephy,210861266-1,1992,4
"Coca-Cola Kid, The",Maddy,Doige,371408974-8,1994,6
"Strange Case of Dr. Jekyll and Mr. Hyde, The",Alix,Thome,561492928-2,2002,10
Little Miss Marker,Karlen,Hawkwood,209491810-6,2004,8
"Hurricane Express, The",Willamina,Stirling,200444372-3,2007,7
"It's a Mad, Mad, Mad, Mad World",Bartie,Sappell,723658516-5,2008,2
The Hearse,Micah,McClean,622890730-1,1999,4
"Exterminating Angel, The (Ángel exterminador, El)",Dorris,Furphy,956147756-4,1986,10
Superstar: The Karen Carpenter Story,Fin,Braim,959579349-3,1993,4
"Great Flamarion, The",Tanny,Tacey,254508390-9,2006,3
"Forgotten, The",Duane,Miko,533524852-1,2002,1
Bon Voyage,Leupold,Anten,667466174-0,2002,7
Buffalo Girls,Prent,Instone,286289359-5,2008,5
This Is the Army,Lorelei,Mignot,947273471-5,1989,10
McCullin,Davine,Dondon,966031445-0,2012,1
Plankton,Maridel,Partington,764773769-4,1992,3
Lady in Cement,Corry,Mariotte,630554738-6,2005,9
In Two Minds,Heida,Drissell,282992075-9,2013,6
I Am,Onofredo,Michal,409580702-4,1996,2
Mean Creek,Vanda,Ellison,647493970-2,2001,6
1984 (Nineteen Eighty-Four),Patrizius,Barrable,561864836-9,2002,6
Thoroughbreds Don't Cry,Minni,Aberhart,423329524-4,2004,3
Final Destination 2,Madeline,Gelletly,804741859-9,2005,4
Central Park,Dulcie,Millican,593205745-9,2006,3
It Came from Beneath the Sea,Carter,Dyment,605014424-9,1962,7
"Pan's Labyrinth (Laberinto del fauno, El)",Fraze,Polye,525081672-X,2002,9
Triumph of the Will (Triumph des Willens),Ursuline,Rennox,662447990-6,2002,7
Sonny Boy,Rubi,Peterson,051356551-5,1993,8
Carry on Cruising,Finlay,MacCartan,802480554-5,1992,3
Dopamine,Cordula,McLevie,451415875-5,2010,7
Takedown,Ella,Sayers,561860438-8,1971,6
The Dark Matter of Love,Herschel,Hazlewood,488355763-4,1987,4
Jack Frost,Shaine,Branch,494335065-8,2010,4
Spiral,Gunter,Eddins,835274616-2,2001,10
San Quentin,Analiese,Quinnet,043341418-9,1992,1
Hot Dog... The Movie,Weylin,Roast,423707139-1,1987,2
Dragon Ball Z: The History of Trunks (Doragon bôru Z: Zetsubô e no hankô!! Nokosareta chô senshi - Gohan to Torankusu),Donnamarie,Bullingham,076671325-3,2008,8
DysFunktional Family,Rasla,Verchambre,260852676-4,1986,1
"What's New, Pussycat",Nikki,Pavlovic,011582869-9,2010,8
"Hawaiians, The",Fabiano,Muddicliffe,204692807-5,2002,10
Never a Dull Moment,Den,Peskett,366159281-5,1998,1
"Informers, The",Bryon,Moro,922653776-3,1997,7
Kafka,Giulia,Leere,774476095-6,1999,1
Amazon Jack 2: The Movie Star (a.k.a. Hugo the Movie Star) (Jungledyret 2 - den store filmhelt),Chrystel,Simonetti,214177699-6,1985,4
Children of the Corn V: Fields of Terror,Leda,Thorndale,315257763-X,2003,8
Jingle All the Way,Jehu,Jeannot,292251252-5,2005,10
Reality,Jamima,Marqyes,111027420-3,1993,8
"Corridor, The (Koridorius)",Peterus,Pole,300734654-1,2007,4
Firefox,Patti,Tinan,224442294-1,2001,10
Série noire,Lilah,Melburg,398982438-4,1989,1
Four Sons,Barret,Clever,206870370-X,1989,6
My Name is Khan,Hadrian,Lawes,956977482-7,1990,8
Look Back in Anger,Layla,Lefever,124204739-5,1986,2
Elena and Her Men (Paris Does Strange Things) (Elena et les hommes),Jocko,Ridsdell,164568258-7,1996,2
Cool Air,Cilka,Icke,329973280-3,1956,4
"Black Scorpion, The",Golda,Yurkov,570516231-6,2007,6
Fat People (Gordos),Hogan,Garrould,653278675-6,2005,10
Get Real,Bella,Drover,726378055-0,1996,7
Clockstoppers,Cyb,Fligg,261466458-8,1989,1
Bedrooms & Hallways,Inigo,Fibbit,599953764-9,1996,2
Another 48 Hrs.,Esme,Antoni,328572771-3,2006,5
Stolen,Romona,Avrasin,375585165-2,1999,5
Better Things,Vita,Forde,249328464-X,2011,10
Grown Up Movie Star,Stephani,Lohrensen,246390756-8,2006,10
Incantato (Il cuore altrove),Eugen,McCurtin,119946261-6,2010,2
Lassie Come Home,Maggie,Askham,866954758-9,1964,5
Kevin Hart: Let Me Explain,Persis,MacDavitt,245147785-7,1999,7
Night of the Zombies (a.k.a. Batallion of the Living Dead),Ulrike,Fendt,496721682-X,1998,3
"Reuben, Reuben",Jorey,Vigar,494207305-7,1992,10
Next,Eddie,Billham,863724555-2,2006,9
Heartbreak Hospital,Cleon,Brailsford,188025589-8,2008,5
Yossi & Jagger,Bunni,Christofor,775173024-2,1998,10
Shadow Warriors 2 (Assault on Devil's Island),Felicia,Bernaciak,013333714-6,2006,7
Smoke,Jim,Parkeson,101121157-2,1993,3
Kedma,Melesa,Lobley,269825235-9,2009,6
FC Venus,Michaela,Staite,208776994-X,2001,2
Sybil,Virgil,Vallantine,462748574-3,2007,6
U Turn,Eustacia,Darthe,352251675-3,1992,3
Carlos,Jason,Sproson,488089125-8,2004,3
976-EVIL,Moira,Burl,447553102-0,2005,4
Beyond the Walls (Hors les murs),Holly-anne,Buckell,229967561-2,1966,1
Flowers of Shanghai (Hai shang hua),Ferdy,Twyford,202108812-X,2002,6
W.C. Fields and Me,Polly,Brearton,440294376-0,2002,2
Bread and Chocolate (Pane e cioccolata),Laurene,Large,737376724-9,1990,5
Choose,Padgett,Witherspoon,378110320-X,1985,9
Revanche,Jackquelin,Wink,568640739-8,1997,10
"Stewart Lee: If You Prefer a Milder Comedian, Please Ask for One",Scott,Middle,961598535-X,2007,9
Still Mine,Eli,Gillatt,278471644-9,1988,4
Dick,Ariel,Yardley,393033313-9,2004,8
In Praise of Older Women,Dilly,Scorer,788140395-0,2004,5
Red Salute,Sabrina,Mawditt,296289418-6,2005,10
Blithe Spirit,Hewitt,Strete,219818874-0,2009,8
Clay Pigeons,Benetta,Beadnell,391067600-6,2001,9
"World According to Sesame Street, The",Kristoforo,Piotrkowski,771176209-7,1993,6
"Ghost, The",Chick,Alliker,072022571-X,1993,6
Three Wise Men (Kolme viisasta miestä),Juditha,Causon,838420183-8,2010,4
"I Love You, Don't Touch Me!",Margaretha,Wardle,459053540-8,2002,3
A Patriotic Man,Sherwood,Bonnefin,776456142-8,1997,4
Mo' Money,Vannie,Alsina,862729611-1,2003,1
Another Man's Poison,Mic,Heasley,270084637-0,2010,8
"Scotland, Pa.",Brewer,Espinho,088441902-9,1986,5
Narcissus,Darlene,Mickelwright,805187606-7,2006,7
Broken Blossoms or The Yellow Man and the Girl,Jessie,Beynkn,680917071-5,2007,5
Born Reckless,Clarine,Agdahl,590266365-2,2010,3
Wet Hot American Summer,Celeste,Becker,776639193-7,2000,10
Scent of a Woman,Patrica,Walhedd,577004981-2,1995,3
Casper's Haunted Christmas,Jaine,Duthie,473306691-0,2013,2
Retroactive,Baily,Curness,021115497-0,2011,9
Chan Is Missing,Anselm,Witter,702169738-4,2001,9
Riders of the Purple Sage,Kissee,Skypp,469788894-4,1989,5
Lagaan: Once Upon a Time in India,Eb,Mollen,066947614-5,2008,5
LEGO DC Comics Super Heroes: Justice League vs. Bizarro League,Booth,Atter,851084769-X,2010,9
All the Real Girls,Dierdre,Pillman,340220764-8,1988,6
Blow,Marion,Radloff,453257624-5,1993,1
Overlord,Yance,Dowles,138606606-0,2010,3
My Bloody Valentine 3-D,Sander,Redit,531933000-6,2001,5
"Misérables, Les",Hoebart,Alexsandrev,813123634-X,2006,10
Live and Let Die,Yehudi,Patinkin,015283403-6,1994,5
Twin Sitters,Hubey,Bagg,613337845-X,2006,7
"Wildcat, The (Die Bergkatze)",Christoffer,Bradnocke,829485069-1,2006,6
"Profit, The",Liza,Sultan,789387537-2,2003,1
Debtocracy,Yves,Grastye,141787445-7,1983,3
Sylvia and the Ghost,Adan,Fasham,320777451-2,2001,5
Apnea (Apnoia),Patience,Bunston,434578664-9,2013,8
Rampage,Eba,Kinder,505401685-6,2006,9
Quatsch und die Nasenbärbande,Nonie,Tillyer,676031366-6,2002,3
Pinocchio,Clare,Buggs,752100518-X,1992,6
Jimmy and Judy,Dara,Calderonello,783252500-2,1997,4
"Taste of Honey, A",Arlen,Longea,798570839-1,2000,5
Small Cuts (Petites coupures),Andi,Hambelton,274370673-2,1985,1
Not Your Typical Bigfoot Movie,Woodie,Hyams,187819071-7,1999,4
Train,Quentin,Randlesome,692172923-0,2002,5
Venus in Fur (La Vénus à la fourrure),Myrna,Everist,367601552-5,1997,6
Human Nature,Dewain,Coslett,329273969-1,2010,4
Puss in Boots: The Three Diablos,Bo,Freda,047175563-X,2001,3
Wedding Trough (Vase de noces),Evered,Hinrich,386528336-5,2008,8
The Front,Elvira,Mossbee,724362264-X,1991,7
"Long Voyage Home, The",Larissa,Schuelcke,891082275-9,2001,10
Scent of a Woman (Profumo di donna),Reggis,Guerin,658195081-5,2010,3
True Believer,Charmion,Brew,299559621-4,1995,6
Night Falls on Manhattan,Ardith,Marcone,103554645-0,2001,5
"Harvest/La Cosecha, The",Averil,Souley,489016960-1,1990,9
Samurai Assassin (Samurai),Moyra,Verrechia,284537447-X,1984,9
Black Butterflies,Vania,Longea,219374911-6,1988,2
Herbie Goes Bananas,Tammara,Chillingworth,541372583-3,1990,10
Head Over Heels (De Pernas pro Ar),Dulcine,Tolworthy,456076496-4,1993,3
Kind Hearts and Coronets,Eddi,Acuna,972707407-3,2000,9
Sherlock Holmes and the Secret Weapon,Meyer,Durtnell,983335448-3,1997,2
Home Movie,Malynda,Bentote,150459124-0,2005,1
"Paradine Case, The",Stern,Mager,505407747-2,1990,4
Bootmen,Sauncho,Leupold,217817086-2,1991,1
Wrong Turn,Ailbert,Viant,555693022-8,2004,6
"Prisoner of Zenda, The",Marta,Sannes,421141162-4,1996,5
Stag,Chaunce,Thombleson,434079312-4,2011,10
Kung Fu Dunk,Carolan,Toye,976936475-4,1985,8
Werewolf of London,Maryellen,Garmans,600043984-9,1993,8
Dirty Pretty Things,Briny,Haughin,747245947-X,2000,7
Just Around the Corner,Danice,Johncey,149957133-X,1987,5
Watch on the Rhine,Phoebe,Birney,187894113-5,1961,10
Play it to the Bone,Hannah,Vasiliev,239735000-9,2008,4
Our Man in Havana,Alf,Cufley,505167322-8,2011,2
Old San Francisco,Lorenza,Flucker,541833266-X,1991,2
Larry the Cable Guy: Health Inspector,Bobette,Joyce,120114372-1,1992,4
Counter Investigation (Contre-enquête),Galven,Faughny,365819929-6,1992,8
Hue and Cry,Catherina,Jouning,041177329-1,1993,9
Girls Rock!,Liz,Cubley,584895847-5,2011,10
Chantilly Lace,Dewain,Pigrome,286514497-6,2004,10
"Slumber Party Massacre, The",Elihu,Varsey,344912109-X,2012,3
"Tall T, The",Patrizia,Blonfield,069889014-0,2009,6
"Ceremony, The (Gishiki)",Marieann,Orhrt,325125736-6,2013,1
Thawing Out (La fonte des neiges) ,Dwayne,Oxton,699809236-9,2001,8
Solitary Man,Dolorita,Handrahan,590501639-9,1994,7
Bart Got a Room,Ave,Barbrook,333824813-X,2001,3
Mac & Devin Go to High School,Jacobo,McTerrelly,305196904-4,1998,10
Lies (Gojitmal),Marjy,Garlett,047720067-2,2004,10
Dragon Ball Z: Super Android 13! (Doragon bôru Z 7: Kyokugen batoru!! San dai sûpâ saiyajin),Hyacinthia,Wilton,648783627-3,1997,5
Black Moon,Lillis,Birkbeck,704773976-9,2006,4
Deep Sea 3D,Rozelle,Antoni,479561843-7,1996,9
Life Without Dick,Bonita,Cabrer,402016637-4,1999,6
"Parasites, Les",Dallis,Sollitt,566648496-6,2010,2
Heatstroke,Emiline,D'Andrea,966356368-0,2008,1
Bob le Flambeur,Cinnamon,Chesterfield,933284349-X,2008,8
Smashed,Yorke,MacFadin,735693715-8,1995,8
"Defiant Ones, The",Marlyn,Jorgesen,249881983-5,1997,4
Topper Returns,Brice,Drakes,285896054-2,1991,5
Isabelle au bois dormant,Flori,Bottomer,543042882-5,1963,8
Hannah Arendt,Blithe,Bramont,926978216-6,1990,4
Wanda Nevada,Claudelle,Woollons,527635920-2,1985,10
Coupe de Ville,Bea,Hearfield,815576774-4,1992,2
"Magic of Ordinary Days, The",Riccardo,Ateggart,628729480-9,2007,4
"Flame of New Orleans, The",Candace,Targe,013483339-2,1994,10
"Eyes Without a Face (Yeux sans visage, Les)",Shepherd,Hubbins,571686145-8,1995,4
Caesar and Cleopatra,Brendis,Seers,534985844-0,1990,5
Pretty Good for a Human (People Not as Bad as They Seem) (Aika hyvä ihmiseksi),Neda,Cottem,105780019-8,1996,8
"Goke, Body Snatcher from Hell (Kyuketsuki Gokemidoro)",Chelsy,Dennistoun,131973035-3,1999,8
Pump Up the Volume,Ulric,Whooley,536689275-9,2005,1
Touch of Pink,Timmie,Wedge,250810135-4,2000,1
Guardians of the Galaxy,Riki,Risbridge,481379254-5,1986,5
"Lodger, The",Carole,Remington,970887765-4,1986,4
Living on One Dollar,Sibel,Burk,263645263-X,1994,1
Juliet of the Spirits (Giulietta degli spiriti),Wynny,Ancketill,129915814-5,1993,9
Palais royal !,Raynor,Rodder,865987249-5,1999,9
Bronco Billy,Latia,Lehrahan,290593561-8,2009,7
L.A. Without a Map,Cleon,Verbrugge,643492918-8,1999,9
Luv,Charlotte,Nockells,828430815-0,1997,8
"Entitled, The",Timmy,Guiso,116410348-2,1999,8
Purge (Puhdistus),Aldon,Bellew,322622109-4,2010,4
Journey to Saturn (Rejsen til Saturn),Kira,Olman,941499339-8,1994,5
I Walked with a Zombie,Griselda,Huggins,816240054-0,2003,7
"We and the I, The",Tate,Ferrar,770209117-7,1996,10
Private Confessions,Melitta,Winear,972067729-5,2006,2
Buddy Buddy,Adolphus,Ramirez,319723940-7,2006,9
"South, The (Sur, El)",Dieter,Baldam,070935713-3,2001,1
Firecreek,Beatrisa,Testo,887386824-X,1995,10
Love Loves Coincidences,Paddy,Dye,690405392-5,2009,9
This Could Be The Night,Kimbra,Blincow,766169151-5,1986,7
Princess of Mars,Ally,Nelhams,478298464-2,2006,10
Super 8 Stories,Gwyn,Stamper,733057024-9,2003,7
Cold Sweat (De la part des copains),Harbert,Corthes,901182652-3,2004,1
Same Same But Different,Rosalinda,Hellewell,171065224-1,1992,5
My Best Girl,Darrel,Sybe,576162741-8,2000,2
Thieves Like Us,Cletis,Deluze,884649307-9,2010,3
"Good Morning, Miss Dove",Eadie,Wallas,487952270-8,2002,6
Belles on Their Toes,Audrey,Tullett,199499835-0,2004,6
"Give 'em Hell, Malone",Sergei,Blyde,017334294-9,1994,8
Open Season,Rolando,Dunkerly,350779347-4,2010,8
Pocket Money,Pace,Mauger,761866469-2,1988,6
"Looney, Looney, Looney Bugs Bunny Movie, The",Kirby,Beneze,165150405-9,1989,6
Barbarella,Jolynn,Gudd,260205819-X,1995,9
Milarepa,Brinn,Wethey,966260260-7,2005,5
Lust for Love,Thekla,Dranfield,961445443-1,1975,10
Sergio,Weber,Elman,550985383-2,2002,3
"With a Friend Like Harry... (Harry, un ami qui vous veut du bien)",Zachery,Pedlar,568545339-6,2006,4
Guilty Hearts,Kameko,Divver,007059708-1,1998,7
Upswing (Nousukausi),Lurlene,Grumley,654204151-6,2009,10
Heat,Eustace,Besse,315535039-3,1990,7
Federico Fellini's Autobiography (Federico Fellini - un autoritratto ritrovato),Denny,Billison,964188052-7,1984,3
Wonder Man,Clarey,Hallstone,703786722-5,2001,3
Amadeus,Libbey,Runcieman,194025673-9,2013,3
"Sumo Do, Sumo Don't (Shiko funjatta)",Vitia,Cogswell,833459436-4,2004,7
Jin Roh: The Wolf Brigade (Jin-Rô),Karissa,Thalmann,246482309-0,2012,2
Die Fighting,Melita,Kershow,515706002-5,2006,10
"Big House, The",Rowena,Riccio,002357506-9,2008,5
ABC Africa,Alfredo,Garrad,145500019-1,1998,5
"Punisher, The",Bay,McGoogan,210656947-5,1986,8
After.Life,Johnny,Dumingo,195490919-5,1996,7
"White Sun of the Desert, The (Beloe solntse pustyni)",Nathanil,Norvell,352481076-4,2007,4
Memento Mori (Yeogo goedam II),Mateo,Drust,094230509-4,2006,1
Special When Lit,Eb,Champkin,496806191-9,2004,6
"Old Fashioned Way, The",Morgen,Hevey,429586565-6,2005,3
"Girl Said No, The",Gradey,Colaton,564209886-1,2006,1
"Treasure of the Sierra Madre, The",Darice,Stranks,862830386-3,1995,8
Godzilla and Mothra: The Battle for Earth (Gojira vs. Mosura),Devi,Gorthy,743433875-X,1986,7
Jackie Brown,Marya,Wallege,974478557-8,2004,6
Dark Passage,Natalina,Castagnone,367283017-8,2006,6
"Eyewitness (Janitor, The)",Raychel,Jeffree,347800979-0,2000,2
"Trip, The",Renaldo,Stuchburie,230634678-X,2006,7
Children Shouldn't Play with Dead Things,Ulrick,Goulden,523431835-4,1993,4
Devil's Pond,Regan,Matteoni,076133688-5,2002,2
Crossing Over,Brandice,Lownes,534892748-1,2004,1
Brooklyn Castle,Erena,Bushill,265156854-6,2009,10
"Breed, The",Tabb,Esseby,650980338-0,2008,3
"First Time, The",Neddy,Whitnall,694469229-5,2009,4
Delta of Venus,Sara-ann,Gier,527774384-7,1978,6
Going Hollywood,Broderic,Bisterfeld,702245421-3,1988,1
Dangerous Ground,Harlene,Etherton,061837457-4,1992,10
"Crucible, The",Lionello,Coole,277856824-7,2011,8
From Hell,Donelle,Iddens,555629612-X,1992,10
Some Folks Call It a Sling Blade,Etta,Cotgrave,426379549-0,1987,7
Ballad of the Paper Balloons (a.k.a. Humanity and Paper Balloons) (Ninjô kami fûsen),Bond,Dennison,215204965-9,2006,3
El Escarabajo de Oro,Lacie,Gribble,112012952-4,1999,5
Education for Death,Jorrie,Chisman,380938566-2,2009,1
Pauline at the Beach (Pauline à la Plage),Elysee,de Copeman,261898586-9,2003,10
"It's Not Me, I Swear! (C'est pas moi, je le jure!)",Eolande,Plevin,250735932-3,1993,4
Diabolique,Kingsly,Ather,825467004-8,2002,1
"Change-Up, The",Foss,Merwood,936983259-9,2001,9
"O-Bi, O-Ba - The End of Civilization (O-bi, O-ba - Koniec cywilizacji)",Randie,Gottelier,592719720-5,2012,7
Kahaani,Aeriela,Ewan,243890405-4,2001,1
Essex Boys,Dorelia,Border,501891953-1,2000,1
Brainstorm,Oran,Pawden,762453737-0,2006,10
Out On A Limb,Halette,Hurlin,817517895-7,2005,10
"ABCs of Death, The",Waite,Laidlaw,923905004-3,1987,6
Wallace & Gromit in The Curse of the Were-Rabbit,Nell,Le Grys,278912199-0,2009,6
Jonah Hex,Ranee,de'-Ancy Willis,859704798-4,2002,6
Wish Me Away,Corabella,Signorelli,185943217-4,1991,5
Kamome Diner,Fancy,Murty,291134336-0,2005,8
Ouija,Gibb,Noore,201787309-8,2008,7
Two Mules for Sister Sara,Amandie,Alexandrou,289046944-1,2007,5
"Canterbury Tale, A",Meredith,Rawlcliffe,093695060-9,2003,1
Chasing Beauty,Jessamyn,Manntschke,710290705-2,2004,3
New Jersey Drive,Bret,Painten,398383756-5,2011,8
"Ballroom, The (Chega de Saudade)",Philippa,MacAndie,018316900-X,2011,5
"Wizard of Oz, The",Wini,Peaddie,064475725-6,1999,6
Sapphire,Bailey,Courteney,282863127-3,1993,2
Happy Accidents,Helene,Pinnion,483992944-0,1983,4
"Haunting in Connecticut, The",Eugene,MacAllester,237139326-6,1985,3
Tell Them Anything You Want: A Portrait of Maurice Sendak,Thaddus,Huske,556277760-6,1992,5
The Sweet Ride,Nana,Callington,046459293-3,2009,6
Blackjack,Mose,Ballinger,932741666-X,1963,8
"Only Son, The (Hitori musuko)",Currie,Dilkes,358939314-9,2011,10
"4 Months, 3 Weeks and 2 Days (4 luni, 3 saptamâni si 2 zile)",Jermain,Sporton,367803927-8,2001,9
My Gun is Quick,Maren,Busswell,376889187-9,2012,5
Death and Cremation,Fredelia,Benam,904493919-X,2012,9
Eros (Men and Women) (Noite Vazia),Kimmi,Durbann,787569302-0,2008,1
Heartless,Nettle,Dandie,651177812-6,2011,4
Still of the Night,Den,Skeat,628724058-X,2001,6
Washington Heights,Lindy,Mayall,988380864-X,2006,3
"Magician, The (Ansiktet)",Karlotta,Albasini,990419504-8,1998,2
Ali: Fear Eats the Soul (Angst essen Seele auf),Zebadiah,Beekmann,135625527-2,2012,5
"Defender, The",Vladimir,Brim,767342478-9,2009,4
"Lust, Caution (Se, jie)",Bryce,Mulhall,776679671-6,2009,9
Above Us Only Sky,Nyssa,Faughny,667297297-8,1997,3
Now Where Did the Seventh Company Get to? (Mais où est donc passée la 7ème compagnie),Emmanuel,Daveren,677223077-9,2012,9
Wild,Cori,Staff,300655359-4,2007,8
"Big Bang Love, Juvenile A (46-okunen no koi)",Jenilee,Roche,388935050-X,2013,5
Cracks,Lenard,Hillock,609856249-0,2004,9
Goodfellas,Peder,Cahan,673713069-0,2004,6
You Only Live Twice,Sophi,Banbrook,561534838-0,2012,5
One Piece Film: Strong World,Woodman,Donnellan,889406273-2,2009,4
Silent Hill,Darby,Mosdell,700109464-1,2011,1
"Sugar Curtain, The (El telón de azúcar)",Revkah,Todari,158483334-3,1993,4
Favela Rising,Lora,Cumberledge,450584331-9,2000,8
Torrente 4: Lethal Crisis,Shaylah,Bamforth,749727416-3,2009,6
¡Three Amigos!,Blakelee,Sandiland,856203910-1,1986,9
Superman Returns,Rosemonde,Doe,307226732-4,2012,9
This Is My Father,Ebony,Heys,470669601-1,2010,9
Wilderness,Merrill,Yesenev,304148721-7,2004,3
Weddings and Babies ,Rana,Hickford,147372303-5,1955,10
The Punisher: Dirty Laundry,Arturo,Devoy,026352888-X,2012,7
To Sir with Love,Jennie,Ebi,580102972-9,1987,1
Eye See You (D-Tox),Elihu,Lerhinan,153068951-1,2003,7
Cookers,Reuben,Duferie,349697791-4,2001,1
Vollidiot,Niall,Shepeard,029233057-X,2012,9
Ride in the Whirlwind,Kinsley,Mowday,171550734-7,1996,7
West of Zanzibar,Raddie,Warrillow,794157598-1,1985,4
Peking Opera Blues (Do ma daan),Denny,Matuszynski,015445376-5,1993,5
Crimes of the Future,Cobby,Van den Broek,307775449-5,1989,1
Thunderball,Rosemarie,Epton,864585207-1,2000,4
Lost Boys: The Tribe,Eve,Crisall,745777964-7,1994,10
Blood from the Mummy's Tomb,Phoebe,Manjin,975931265-4,2009,6
Nick the Sting,Lynnett,Helleker,396839762-2,1995,1
"Adventures of Sharkboy and Lavagirl 3-D, The",Novelia,Attwood,899081215-1,2005,2
Martha,Hartwell,Seabright,427045005-3,1991,9
"Turtle's Tale: Sammy's Adventures, A",Morse,Bartholomew,529116532-4,1994,6
Trainspotting,Brade,Battle,066469909-X,1991,9
Nina's Heavenly Delights,Rafi,Grcic,061393273-0,2007,1
"Trip to Italy, The",Liliane,McQuilty,275137561-8,2003,10
White Men Can't Jump,Ada,Bonhomme,133743678-X,2010,3
Atlas Shrugged: Part 1,Carin,Flecknoe,226413531-X,1991,7
"Oh, Woe Is Me (Hélas pour moi)",Des,Ireland,301543266-4,2007,1
Dot the I,Maryl,Dainton,319535869-7,2001,5
Step Up Love Story (Futari ecchi),Oralee,Garnsey,342906223-3,1998,2
Noah,Leland,Grizard,213018090-6,2003,6
Secrets of Eden,Ulrika,Prujean,456986276-4,2001,2
Torrid Zone,Pepillo,Limerick,530604956-7,1994,10
Dr. Goldfoot and the Girl Bombs (Le spie vengono dal semifreddo),Conan,Sylett,853028277-9,2008,9
"White Shadow, The",Nita,Fysh,313323578-8,1970,1
Dragon Tiger Gate (Lung fu moon),Hadlee,Antonin,254080104-8,1993,9
Caesar (Julius Caesar),Alaster,Fitzroy,463708242-0,2012,9
House (Hausu),Missie,McInerney,389943430-7,2009,5
G.I. Joe: Retaliation,Orion,Knowlton,634613934-7,2008,1
"Strategy of the Snail, The (Estrategia del Caracol, La)",Blanche,Swiffin,817571838-2,1973,3
Harmontown,Libbie,Volk,174512447-0,2006,3
"Moment of Innocence, A (Nun va Goldoon)",Lainey,Posselow,699512092-2,1972,2
"Ah of Life, The",Lurleen,Kalisz,950905081-4,2000,10
"Messengers, The",Lorelle,Linwood,465123212-4,2008,4
Mannequin,Albertine,Mockes,276984047-9,2012,3
Tulsa,Alicea,McMorran,808454331-8,2006,10
Heart and Souls,Darby,Pancost,631197644-7,2011,7
Weekend (a.k.a. Le Week-end) (Week End),Liv,Cordle,858041663-9,2005,5
Il piccolo diavolo,Petra,Blais,857320666-7,2010,6
"Matrix Reloaded, The",Fran,Kidgell,257534157-4,1999,1
Varg Veum - Bitter Flowers (Varg Veum - Bitre Blomster),Monique,Darrington,587294126-9,2011,2
Stay,Leroi,Faircloth,110747641-0,1996,7
2012: Time for Change,Esta,Truse,721419565-8,2013,9
Sansho the Bailiff (Sanshô dayû),Germain,Tammadge,621846853-4,1987,9
Trespass,Christian,Froggatt,004826449-0,2000,7
Girl on a Bicycle,Ruben,Botwood,843078032-7,2002,9
"Rickshaw Man, The (Muhomatsu no issho)",Aksel,O'Farrell,576044231-7,1994,9
I Saw the Devil (Akmareul boatda),Angeline,Burkart,282762848-1,2004,5
Jealousy,Lauree,Gascoyne,622351360-7,1992,9
Martin & Orloff,Billie,Dermott,287771515-9,2010,4
Pajama Party,Octavius,Reuble,694243718-2,1989,7
Show People,Thurston,Paxton,634151078-0,1998,1
Dark Alibi,Tiphany,Delea,915738900-4,1996,8
"Quiet, The",Jo-anne,Wynter,444685311-2,2004,9
Skins,Fred,Gagin,807148402-4,2005,10
We're No Angels,Stevana,Padefield,243627068-6,1986,1
Emma,Winne,Gorring,922859452-7,2013,2
Cover-Up,Darrell,Killelea,420594997-9,1988,3
Conquest of the Planet of the Apes,Brandi,Ernshaw,134599926-7,2004,7
Fraternity Demon,Francois,Wyss,021582276-5,2012,7
Dr. Goldfoot and the Girl Bombs (Le spie vengono dal semifreddo),Curran,Smallpeice,814645776-2,2001,7
Snarveien (Detour),Cindee,Pollicott,079186852-4,2011,10
Love Is All There Is,Addia,Baudts,554605082-9,1989,1
Layer Cake,Nappie,Fynes,267172744-5,2006,7
"Birders: The Central Park Effect (Central Park Effect, The)",Hugo,Pickburn,137703631-6,1987,5
Napoleon,Fair,Giacopetti,761165395-4,2006,2
Trust,Stan,Kaes,570235105-3,1985,1
Screamtime,De witt,Tolomio,503008586-6,2003,3
Capote,Lacy,Leinthall,077670740-X,2001,1
Black or White,Melinda,Kippax,640766367-9,2013,5
"I Am My Films - A Portrait of Werner Herzog (Was ich bin, sind meine Filme)",Charley,Besemer,353088368-9,1999,5
Iraq in Fragments,Ernie,Britnell,773597972-X,1996,10
Ornamental Hairpin (Kanzashi),Keslie,Govier,822371280-6,1994,9
Three Men and a Baby,Torre,Capponer,865682971-8,1998,10
Night of the Demons 2,Sisile,Blackadder,416781390-4,1977,10
Surviving the Game,Sofie,Lincey,680037027-4,1996,5
Redwood Highway,Francklin,MacKnight,687578178-6,1998,8
Lesson Plan ,Brenn,Sandford,986346941-6,1986,8
My Best Friend's Wedding,Vale,Crooke,483138763-0,1989,4
The New Babylon,Camila,Olufsen,026185857-2,2004,1
Christmas in July,Gerrard,Gowanson,666531409-X,1997,9
Raintree County,Byrom,Yeardley,373453535-2,1995,3
Wilderness,Kip,Figures,011585636-6,2001,6
The Opposite Sex,Eugenie,Swabey,758681383-3,2012,4
American Mary,Norby,Sinkinson,752047201-9,1998,5
"Château, The",Lesley,Igoe,549724404-1,2004,7
Class of Nuke 'Em High,Cairistiona,Gard,596324617-2,1973,6
Perils of the Sentimental Swordsman,Ilysa,Vallis,172777880-4,2010,7
Razortooth,Sonnnie,Stickings,732521212-7,2011,9
Last Chance,Shepherd,Houtby,343675895-7,2010,10
"Muppets, The",Marci,Ebdon,047613854-X,2007,1
"Desperados, The",Jasper,Abernethy,620271325-9,2009,5
Epic,Mirabel,Calabry,357781845-X,2011,1
"Single Man, A",Dena,Wiersma,752329519-3,2002,2
Plato's Academy,Pace,Hedworth,153831057-0,1998,8
"Cool World, The",Lauritz,Gunner,851532283-8,2007,7
Igby Goes Down,Gardiner,Cutcliffe,756461015-8,1999,9
Dangerous Liaisons,Jaye,De Fraine,509506798-6,2011,1
Deceit,Igor,Fanshawe,986203563-3,2007,3
"Stranger in Me, The (Das Fremde in mir)",Leopold,Gemelli,490830138-7,2000,6
Hellfighters,Gwenette,Lippini,633573950-X,2009,5
Second Wind (Le deuxième souffle) (Second Breath),Beret,Kennon,533718435-0,1966,4
Paranormal Activity: The Marked Ones,Rubi,Hirtz,173369172-3,1996,6
Divorcing Jack,Gabbie,Goodfield,490449362-1,2009,5
Quills,Lavinie,Clutten,806363936-7,2012,5
Run Sister Run!,Guglielma,Doghartie,437198304-9,1999,3
In Your Hands (Forbrydelser),Alis,Dearden,085893746-8,1992,4
"Crouching Tiger, Hidden Dragon (Wo hu cang long)",Glendon,Rens,430894127-X,1986,1
Lunopolis,Elbertine,Quodling,732164037-X,1987,8
"Very Social Secretary, A",Sena,Roly,135194473-8,2001,3
Sherlock Holmes: A Game of Shadows,Gwenni,Stenner,217339756-7,2009,9
Good Ol' Freda,Micheil,Brickwood,717663629-X,2012,10
"Tillman Story, The",Calida,Loadwick,205260629-7,2007,4
Pure Country,Sharon,Longforth,308969798-X,1998,9
Diary of a Country Priest (Journal d'un curé de campagne),Vic,Berry,952168489-5,2004,8
Something Ventured,Milka,Cavendish,352829179-6,2012,8
Drum,Stanwood,Crielly,632118032-7,1994,5
Switching Channels,Rycca,Alentyev,443552246-2,1997,7
"Fortune, The",Dolorita,Diben,310377141-X,1991,9
"Corridor, The (Koridorius)",Hazlett,Bodell,296170562-2,1997,5
Hamoun,Malvina,Ilyin,130027000-4,2002,9
"Small Town, The (a.k.a. The Town) (Kasaba)",Frants,Glenton,350137259-0,2001,2
California Suite,Dino,Tesauro,666095067-2,1991,8
"Moon-Spinners, The",Read,Corzor,701588212-4,2004,5
Hotel Transylvania,Fields,Handman,053296595-7,1985,2
"King of Texas, The",Cairistiona,Standingford,430147343-2,2006,4
Perfect,Clemmy,Kunzler,991215860-1,2001,5
Two Bits,Kiley,Zammitt,380814889-6,2011,9
Running Scared,Brenden,Sibley,655948392-4,1996,8
Incendies,Arnoldo,Baroux,172190465-4,2003,6
"Royal Scandal, A",Michel,Parley,648770274-9,1995,1
Attack of the Puppet People,Nowell,Shaudfurth,659699278-0,2004,2
"Necessities of Life, The (Ce qu'il faut pour vivre)",Jarrid,Yell,542689231-8,2007,4
Gun the Man Down,Homerus,Sedgwick,204910384-0,2011,4
Snake and Mongoose,Doria,Trusslove,289381693-2,1985,8
Bigfoot Lives,Melisa,Vedenisov,554921408-3,2012,9
Noah's Ark,Lucinda,Vine,568873135-4,1997,6
Canvas,Helenka,Stead,250381079-9,1986,4
Match Point,Rosalie,Boanas,093693397-6,2012,3
Mooz-lum,Elsbeth,Scrivens,525312938-3,2000,2
Captain January,Trumann,Maden,557378979-1,2005,6
"General, The",Trace,Blundon,768725738-3,1994,8
Charleston,Chloe,Toope,975889183-9,1993,3
"Promise, The (Versprechen, Das)",Egbert,Sille,609736441-5,2011,8
Betty Boop's Hallowe'en Party,Rozalin,Durram,852177422-2,2013,3
"Watch, The",Byrann,Grigg,757087141-3,1985,4
"Thrill of It All, The",Wyn,Kennaird,573214121-9,1992,8
"Mirror, The (Ayneh)",Domeniga,Dubery,696503558-7,1984,5
Joe Strummer: The Future Is Unwritten,Amberly,Bussy,941818537-7,2010,9
Ride the Divide,Therese,Semorad,601055710-0,2004,4
Gus,Bertrando,Waycott,131614993-5,1994,2
"War at Home, The",Travis,Baxter,139270315-8,2011,8
Good Ol' Freda,Gertie,Hindmore,134984952-9,1985,8
Supercondriaque,Lilas,Vasilic,664928102-6,1993,8
Pretty Sweet,Carmina,Romeo,935594716-X,1968,4
Standing Up,Felisha,Hellwing,102728695-X,2012,6
Michael Collins,Eloisa,Andres,595640859-6,2009,6
Off Beat,Melanie,McReynold,154714832-2,2008,8
"Unholy Wife, The",Twyla,Dalgarno,543919837-7,1995,2
Kicking & Screaming,Bard,Hartburn,332811655-9,2006,3
Butch and Sundance: The Early Days,Lindsey,Gaine,704708700-1,2008,4
Exit Humanity,Whitaker,Rudloff,436686488-6,2006,7
"Child, The",Delmar,Dispencer,832021214-6,1999,8
"Boys: The Sherman Brothers' Story, The",Fiorenze,Mehmet,303910699-6,2001,5
Stakeout,Borg,Delacroux,410481605-1,1963,8
Satyricon,Vivianne,Wohler,903465185-1,2001,4
Bread and Chocolate (Pane e cioccolata),Baxie,Whitten,978075280-3,1999,2
Simply Irresistible,Payton,Kinset,084941307-9,1989,3
Remember the Night,Katusha,Coyett,171792685-1,1986,4
Love Ghost (Shibito no koiwazura),Rawley,Teasell,410994241-1,1984,6
Carol for Another Christmas,Alyssa,Lathom,988392060-1,2003,10
Rosewood Lane,Sergio,Hatchell,883800608-3,1999,7
High and Dizzy,Starla,Overil,202834274-9,2010,5
My Girlfriend Is an Agent (Chilgeup gongmuwon),Flory,Jolliman,283570627-5,1987,9
Wisegirls,Mel,Tzar,227406318-4,2008,6
Harakiri (Seppuku),Ashton,Buller,589672045-9,2000,8
At First Sight (Entre Nous) (Coup de foudre),Alasteir,Hedney,983656151-X,1993,4
"Unbearable Lightness of Being, The",Jeromy,Mosen,830366278-3,1993,9
"Rocker, The",Redd,Croxall,735366721-4,2005,4
M*A*S*H (a.k.a. MASH),Conant,Kerr,249072682-X,2000,5
Husbands and Wives,Karlen,Chant,504677042-3,1998,2
Jean Renoir: Part One - From La Belle Époque to World War II,Constanta,Maile,769528313-4,1985,8
Bluebeard (Barbe Bleue),Emalee,Whitehorn,405307818-0,1997,8
"Wrong Guy, The",Kally,Shoreson,103288338-3,2012,1
"Italian Job, The",Minny,Domenichelli,887036098-9,2004,7
The Party,Benedick,Leall,238144464-5,2006,8
White Lightning,Maryl,Stockau,603876294-9,2002,8
"As Above, So Below",Daloris,Pawlett,965282625-1,1995,7
"Battered Bastards of Baseball, The",Sophie,Coad,110714332-2,2009,10
Skinwalkers,Keenan,Smitheman,773761939-9,2004,5
"Blue Kite, The (Lan feng zheng)",Gipsy,Kelling,156379109-9,1993,3
"Perfect Circle, The (Savrseni krug)",Ealasaid,Woodall,202083155-4,1993,3
Easy A,Northrup,Aiers,624423153-8,2008,2
"Grandview, U.S.A.",Fairfax,Frogley,377762789-5,1997,6
Big Man Japan (Dai-Nihonjin),Tris,Sherebrooke,419860245-X,2004,3
Guilty Hands,Debbi,Keyse,754825117-3,2006,9
Farewell My Concubine (Ba wang bie ji),Cookie,Kirby,642450281-5,2007,2
"Mummy, The",Charmian,Ganiclef,554230182-7,2012,4
Kikujiro (Kikujirô no natsu),Simonette,Kinforth,012607990-0,1991,1
When Brendan Met Trudy,Aveline,MacCollom,016545564-0,2006,2
Chalet Girl,Adena,Kender,054988157-3,2000,8
El Cid,Veronika,Di Carli,134416515-X,1995,1
Kingdom Come,Tanney,Kennaird,874896747-5,1996,1
Frozen Hell (Jäämarssi) ,Kendricks,Meaking,635389487-2,2000,1
"Day of the Doctor, The",Amory,Ply,237478295-6,1997,2
Joshua,Marcelline,Lampl,895771556-8,2012,10
The Well,Bard,Bernard,749626086-X,1994,1
Moliere,Nadia,Lumly,664316071-5,2001,4
"Perfect Man, The",Laurice,McGrudder,672314170-9,2004,1
All of Me,Jaime,Rottery,268192380-8,2004,8
"Eiger Sanction, The",Murial,Vannuccini,784443424-4,1993,10
The Gun That Won the West,Jessika,Topham,472320453-9,1998,6
Johnny Was,Mercy,Perett,417638038-1,1993,6
The Vengeance of Fu Manchu,Lindsay,Akitt,222474991-0,2003,4
Two Solutions for One Problem (Dow Rahehal Baraye yek Massaleh),Romonda,Kimpton,658408394-2,2007,2
Sherlock Holmes: Terror by Night,Lucilia,Duggon,536093741-6,2004,10
To Rome with Love,Gustavus,Bothe,891565041-7,2002,6
"Final Countdown, The",Willi,Culver,955225669-0,2006,8
Flypaper,Lynelle,Goad,004779465-8,2009,10
Them (Ils),Alon,Hannabus,939481988-6,1992,6
"Goke, Body Snatcher from Hell (Kyuketsuki Gokemidoro)",Ilse,Wayman,133520072-X,2012,7
Amour,Alberto,Cremer,405336951-7,2008,7
The Trip to Bountiful,Katherine,Bettleson,395537198-0,1990,7
Neverwas,Francklin,Sheilds,327105811-3,2001,2
My Mother Likes Women (A mi madre le gustan las mujeres),Sonny,Grzeskowski,865900075-7,1995,9
Killer Klowns from Outer Space,Helene,Hecks,606846421-0,1996,1
"Last Dragon, The",Alyosha,Davies,745130049-8,2007,10
Vampire Hunter D: Bloodlust (Banpaia hantâ D),Bastian,Paddemore,906063966-9,2011,4
Tony Manero,Cory,Shirtliff,125713566-X,2003,1
Mumford,Harrison,Cottu,146917193-7,1997,1
Ju-on: The Curse,Dynah,Klimus,665065230-X,2003,5
For Your Consideration,Fair,Crose,583770400-0,2000,3
"Kite Runner, The",Hilary,Berardt,792646724-3,2003,2
After Hours,Gregorio,McIver,087185732-4,2005,3
"X-Files: I Want to Believe, The",Ashlie,Ordemann,370360596-0,2003,1
"Kids in the Hall: Same Guys, New Dresses",Lorrie,Krolik,034221498-5,1994,5
Batman: Gotham Knight,Sheffie,Stroband,773770725-5,2007,3
Game 6,Abelard,Lefeaver,343193897-3,1993,5
Four Bags Full,Dodi,Shephard,188815789-5,2005,4
Under Suspicion,Fritz,Rintoul,690046672-9,2003,9
Pearls and Pigs (Helmiä ja sikoja),Nessie,Leggen,623077907-2,2008,3
Before the Devil Knows You're Dead,Sheelah,Jurzyk,607198272-3,2006,3
Ghost from the Machine (Phasma Ex Machina),Kaela,Lipsett,516128633-4,1998,5
Happy New Year,Thea,Pettegree,730143464-2,2010,8
Hollywoodland,Ingrim,Martinho,008267651-8,2000,6
"Chicago 8, The",Alaster,Davenell,876143936-3,1966,7
Piglet's Big Movie,Anna-diana,Exter,324885185-6,2009,8
Chicago,Elladine,Kneal,059550765-4,2008,7
Love in the Afternoon,Perle,Screeton,093996090-7,1992,6
Mother's Day,Marla,Kevis,155213669-8,2009,6
Can't Help Singing,Melany,Dwyer,557303174-0,1999,6
After Tiller,Rasia,Terbeck,144465322-9,1995,3
How to Eat Your Watermelon in White Company (and Enjoy It),Rockey,Cayford,602510276-7,2010,8
Scandal Sheet,Torrin,Haysman,616598643-9,1995,8
Woyzeck,Sax,Lawman,701363274-0,1994,8
West (Occident),Dyanna,Janca,461770378-0,1998,5
High Spirits,Mata,Bafford,279914255-9,2007,7
Bird on a Wire,Liliane,Leaton,276535554-1,2006,6
"Center of the World, The",Kissiah,Pietranek,416364627-2,1987,1
Baby Boom,Stacee,Colcutt,699493199-4,2005,7
Chicago,Gordie,Emer,753682917-5,2000,6
After Porn Ends,Chauncey,Dowman,204447860-9,2002,2
Fearless Hyena II (Long teng hu yue),Dorie,Brimilcome,538408506-1,2005,1
Aliens,Marla,Crawcour,141149924-7,1995,2
At the Earth's Core,Pavel,Deshon,025628688-4,2000,10
"Man in the Glass Booth, The",Gideon,Nimmo,141757479-8,2005,3
Born to Be Bad,Izaak,Bastian,551043123-7,2009,6
Puppet Master 4,Carita,Suermeiers,920491438-6,2004,5
"Marshal of Finland, The (Suomen Marsalkka)",Piggy,Tallis,117251846-7,2009,8
Kenny Begins,Taddeusz,Gotcliff,444902819-8,2009,9
"Best and the Brightest, The",Katey,Hofer,420526871-8,1996,1
Alter Egos,Orton,Fallawe,282044668-X,1993,1
One on One,Lynea,Keesman,719214193-3,1994,5
Yeti: The Giant of the 20th Century,Kata,Corrin,295734583-8,2003,1
Trilogy of Terror,Fionnula,Massie,520141572-5,1991,5
Siegfried & Roy: The Magic Box,Levin,Cordle,566091991-X,1990,7
Symbiopsychotaxiplasm: Take One,Shaylynn,Gemlbett,086562134-9,2011,2
Justice League: Doom ,Samara,Yatman,804714043-4,2007,4
"Last Temptation of Christ, The",Tandy,Warlock,735807165-4,2006,8
Ambition,Tomasine,Grief,669801730-2,2007,7
"Earth Dies Screaming, The",Milissent,Stickens,626623561-7,2006,7
War and Peace (Jang Aur Aman),Lorain,Cossor,838071566-7,2010,8
Entity,Hercules,Guitte,571953885-2,2008,6
Test Pilot,Melisse,Slatford,072712284-3,2008,2
Taken 2,Noellyn,Habberjam,661625881-5,2011,8
"Legend of the Lone Ranger, The",Willem,McSorley,871090897-8,2008,7
"Insider, The",Floyd,Virgoe,612520619-X,2008,3
8 Women,Annissa,Bletsor,744699720-6,1991,1
Arrival II,Briggs,Thrush,693795824-2,2002,1
SIS,Hoyt,Winpenny,642578994-8,2009,7
Mr. Deeds,Erhard,Eskriet,332722443-9,1996,10
Germinal,Evelina,Lamberts,032391636-8,2006,4
SOS - en segelsällskapsresa,Fidela,Iglesiaz,375554059-2,1994,7
Nightmare Factory,Bryanty,Jablonski,274345700-7,2001,10
"Crimson Pirate, The",Obie,Clemes,683982621-X,1993,4
"Dragon Missile, The (Fei long zhan)",Glenn,Binks,406238157-5,1984,10
Native Son,Kenny,Vallentin,807336279-1,2010,6
Aakrosh,Bella,Iddens,210064146-8,1993,7
"Complete History of My Sexual Failures, A",Ward,Cruse,287939934-3,2006,9
"Welcome Home, Roxy Carmichael",Graig,Egar,901177202-4,2012,2
"Patriots, The (Patriotes, Les)",Loni,Kynoch,966589856-6,1994,10
"Girl He Left Behind, The",Charis,Guesford,369650002-X,1995,5
Declaration of War (La Guerre est Déclarée),Ebenezer,Burtonshaw,270540654-9,1993,10
Primary Colors,Davita,Nerne,554077974-6,2011,2
Richard III,Lise,Dudding,324713876-5,2001,6
Xuxa in Crystal Moon,Olive,Worvill,768760987-5,2011,1
Jupiter's Darling,Husain,Bauduccio,092095715-3,1987,6
Under the Volcano,Pammy,Scolding,896439217-5,2000,3
Fun in Acapulco,Shirline,O'Fielly,741941164-6,2005,2
EMR,Warren,Lashley,990405261-1,1999,3
House of Dark Shadows,Romola,Chamney,982053099-7,2005,6
Evil Toons,Winston,Henkens,737119346-6,2012,4
Fletch Lives,Virgie,Stichel,426558445-4,1997,1
"Winning of Barbara Worth, The",Francisca,Mc Dermid,409027752-3,1994,1
"Afflicted, The",Angele,Graundisson,745453597-6,2013,6
WarGames,Porty,Dafter,588909898-5,1999,1
"Drum, The (Drums)",Julina,McLarnon,725568910-8,2010,5
"Opportunists, The",Emma,Castane,988976953-0,2010,4
Grand Tour: Disaster in Time (Timescape),Terencio,Rigney,753860127-9,2004,2
Golem,Job,Ferrick,588521204-X,1992,6
"Tuxedo, The",Benedicto,Boustead,729709631-8,1998,7
Dr Money and the Boy with No Penis,Darrelle,Wortt,417415486-4,2013,3
"Love Letter, The",Francyne,Janiszewski,887774131-7,2006,3
Veronika Decides to Die,Dion,Kroll,866938647-X,1999,10
Daltry Calhoun,Ari,Greenley,711046455-5,2001,2
Scrooged,Orland,Barthelemy,091646780-5,2011,2
Wild Gals Of The Naked West,Kakalina,Dingsdale,903092665-1,1994,9
Crocodile (Ag-o),Millisent,Samways,493428950-X,2000,10
Remember Sunday,Dorine,Jorn,980126980-4,2008,5
Marius and Jeanette (Marius et Jeannette),Morlee,Klauber,854388584-1,1999,1
"Glimpse Inside the Mind of Charles Swan III, A",Marlyn,Gennrich,783483176-3,1998,6
"Walk in the Sun, A",Shaine,Undrell,384036064-1,2000,10
Pariah,Malanie,Pleming,761364105-8,1991,3
"Night in Casablanca, A",Sidoney,Deakes,531858739-9,1993,7
"SpongeBob SquarePants Movie, The",Brand,Fearnill,384253327-6,2003,10
Birdemic: Shock and Terror,Gay,Rockey,744002442-7,1999,2
"Spitfire Grill, The",Sayres,Pletts,694722757-7,2001,4
Zodiac,Wilburt,Alekseicik,804696816-1,2000,3
Stray Dog (Nora inu),Erinn,Klagges,037784718-6,2009,5
Danny Deckchair,Felizio,Waplinton,386673540-5,2010,2
Les Lyonnais,Ermengarde,Dommett,128666381-4,2006,4
Map of the Sounds of Tokyo,Kailey,Pepper,630958197-X,2003,3
Chill Factor,Lettie,Celez,351937565-6,1997,5
Southland Tales,Jolee,Muirhead,312013105-9,2000,6
Pray the Devil Back to Hell,Odele,Wagge,775355040-3,2002,3
Frankenweenie,Aloise,Mixer,070881577-4,2011,3
Looney Tunes: Back in Action,Renata,Jerrolt,022432611-2,2003,4
"Cup, The (Phörpa)",Britt,McMyler,894013463-X,1996,1
Obsessed,Giralda,Balderston,378425282-6,2001,7
Waiting for Guffman,Mateo,Hutchin,669109580-4,2009,5
Hard Ticket to Hawaii,Sloan,Elfleet,235925632-7,2005,10
Bigfoot,Trudie,Shedden,413580045-9,2009,2
"Bat Whispers, The",Dennet,Ireland,398942562-5,1999,5
Harry Potter and the Sorcerer's Stone (a.k.a. Harry Potter and the Philosopher's Stone),Duncan,Bidder,786162931-7,2004,7
"Treasure of the Sierra Madre, The",Milty,Grodden,226377490-4,1988,1
Topaze,Natty,Lilie,171972868-2,2005,6
Entrapment,Palmer,Gallego,334472858-X,1994,1
Love Crime (Crime d'amour),Joy,Lambrechts,143513280-7,1985,3
Desk Set,Sharon,Stubbings,291928472-X,1969,7
Heavenly Creatures,Jo,Saladine,274487261-X,2001,9
"Normal Heart, The",Brook,Carmont,695341035-3,2012,6
"Phantom of the Opera, The",Brion,Axon,546332003-9,1984,5
No Distance Left to Run,Nevin,Winwright,324586810-3,1995,1
Stevie,Laurie,Ary,767680371-3,2009,10
Maniac,Jaimie,Lanegran,012179542-X,2010,3
Rollercoaster,North,Martynikhin,176305508-6,1993,4
Sherlock Jr.,Cecil,Antrum,939119476-1,1990,9
"Place Beyond the Pines, The",Skippy,Bradock,026188053-5,1996,9
"Bodyguard, The (Karate Kiba)",Sophey,Armsden,000432813-2,2004,5
Earth vs. The Spider,Saidee,Pennycock,554491148-7,2007,6
Half Moon Street,Philis,Cloutt,172330219-8,2010,6
Once My Mother,Tammie,McArdle,165258554-0,1997,1
Downhill Racer,Glynis,Glowinski,348305432-4,2002,2
Benny & Joon,Austin,Bealing,788318147-5,2006,9
Twin Town,Tiebold,Woodington,194972456-5,1989,4
Vehicle 19,Bari,Kermeen,213203889-9,1986,8
Where East Is East,Silas,Mowsdale,019014479-3,2001,5
In This World,Klara,Caltun,291767553-5,2008,4
Why Don't You Play In Hell? (Jigoku de naze warui),Alfonso,Maevela,848488579-8,2010,8
Romasanta: The Werewolf Hunt,Sissy,Warman,570368136-7,2009,8
If You Could See What I Hear,Dedie,Klausewitz,917493964-5,2005,7
"Fist of Fury (Chinese Connection, The) (Jing wu men)",Lon,Aldcorn,182247222-9,1984,4
"Man for All Seasons, A",Pandora,Wabe,580037233-0,1992,2
"River, The",Caralie,Ibbott,345422600-7,2010,1
Backdraft,Xenos,Palfrie,320083794-2,1997,4
Article 99,Leona,Feria,488995791-X,1987,9
Gett: The Trial of Viviane Amsalem,Lucilia,Pilgrim,955270745-5,2002,7
"Return, The (Vozvrashcheniye)",Claire,Mongan,809440910-X,1994,1
The Bone Snatcher,Kimberley,Gowdie,204519671-2,1997,4
Hitler's Children,Kristopher,Day,451953623-5,1997,9
I Served the King of England (Obsluhoval jsem anglického krále),Philis,Klemz,369411245-6,2002,8
David and Lisa,Claybourne,Easey,354491900-1,1988,8
Comedy of Innocence (Comédie de l'innocence),Ricki,Brownbill,250906052-X,2010,5
Food Stamped,Dianna,Mottershead,821184273-4,1999,5
Boricua's Bond,Theda,Scholtz,127630247-9,2005,1
JLG/JLG (JLG/JLG - autoportrait de décembre),Haily,Santoro,566322932-9,2009,9
Anatomy of a Murder,Cinda,Sighard,208531278-0,2001,6
"Day of the Locust, The",Anastassia,Roon,160522656-4,2008,7
"Great Ecstasy of Woodcarver Steiner, The (Große Ekstase des Bildschnitzers Steiner, Die)",Leigh,Prudham,990851002-9,1994,3
"Wiz, The",Marigold,Godwin,396826731-1,2006,10
Grace of Monaco,Sophi,Lowdwell,422030828-8,2012,5
Bringing Down the House,Vanya,Scripture,247564079-0,1995,8
Oculus,Dud,Danielsohn,606453380-3,1997,2
Linsanity,Moishe,Storkes,917447652-1,2013,8
Red Dust,Bil,Yekel,119131901-6,2002,5
Bruiser,Marijo,Cudiff,706955864-3,1993,4
West (Occident),Roosevelt,Habbema,066315532-0,2001,3
Sudden Fear,Bern,Skune,552792757-5,1995,1
Premium Rush,Randy,Andreasson,643517396-6,2000,1
Stranded: I've Come from a Plane That Crashed on the Mountains,Roshelle,Soles,513340489-1,1996,2
Liz & Dick ,Hogan,Tribell,857361137-5,2013,9
"Young Visiters, The",Brinn,Strafford,711396984-4,1997,7
Den sommeren jeg fylte 15,Jammie,Swindle,263717868-X,2006,10
"War on Democracy, The",Torin,Caves,692746589-8,2004,6
Unconscious (Inconscientes),Reube,Logue,397429264-0,1973,8
Swoon,Pierrette,Reynish,075314038-1,1994,6
Jesus Henry Christ,Simeon,Riccetti,192485134-2,2011,4
Games,Knox,McAllan,595675010-3,1999,4
